timestamp,temperature
2022-11-08 00:00:00+01:00,38.393554327808474
2022-11-09 00:00:00+01:00,40.62950819672131
2022-11-10 00:00:00+01:00,39.154621848739495
2022-11-11 00:00:00+01:00,33.58437253354381
2022-11-12 00:00:00+01:00,31.487801980198018
2022-11-13 00:00:00+01:00,30.98510235026535
2022-11-14 00:00:00+01:00,30.675729288214704
2022-11-15 00:00:00+01:00,31.551635610766045
2022-11-16 00:00:00+01:00,31.175561202880136
2022-11-17 00:00:00+01:00,31.47905162064826
2022-11-18 00:00:00+01:00,33.902391725921134
2022-11-19 00:00:00+01:00,31.81512974051896
2022-11-20 00:00:00+01:00,31.41064967105263
2022-11-21 00:00:00+01:00,31.822918318794606
2022-11-22 00:00:00+01:00,31.551651893634165
2022-11-23 00:00:00+01:00,31.227875243664716
2022-11-24 00:00:00+01:00,31.38232065856527
2022-11-25 00:00:00+01:00,27.330237154150197
2022-11-26 00:00:00+01:00,33.47777777777778
2022-11-27 00:00:00+01:00,30.9625
2022-11-28 00:00:00+01:00,33.37200784826684
2022-11-29 00:00:00+01:00,30.27016616314199
2022-11-30 00:00:00+01:00,31.222226358897988
2022-12-01 00:00:00+01:00,31.3880078125
2022-12-02 00:00:00+01:00,31.604295853567425
2022-12-03 00:00:00+01:00,31.479238095238095
2022-12-04 00:00:00+01:00,32.31667924528302
2022-12-05 00:00:00+01:00,32.41645809632158
2022-12-06 00:00:00+01:00,31.67563025210084
2022-12-07 00:00:00+01:00,31.32478211443729
2022-12-08 00:00:00+01:00,30.57663335895465
2022-12-09 00:00:00+01:00,31.213076311605725
2022-12-10 00:00:00+01:00,31.391372549019607
2022-12-11 00:00:00+01:00,31.35176015473888
2022-12-12 00:00:00+01:00,31.341708934841982
2022-12-13 00:00:00+01:00,31.617319098457887
2022-12-14 00:00:00+01:00,31.568160919540226
2022-12-15 00:00:00+01:00,30.48345626975764
2022-12-16 00:00:00+01:00,31.60335329341317
2022-12-17 00:00:00+01:00,30.817693059628542
2022-12-18 00:00:00+01:00,31.836929789765964
2022-12-19 00:00:00+01:00,31.502104055087987
2022-12-20 00:00:00+01:00,31.573271889400917
2022-12-21 00:00:00+01:00,30.85823277539899
2022-12-22 00:00:00+01:00,29.48202614379085
2022-12-23 00:00:00+01:00,27.722707423580786
2022-12-24 00:00:00+01:00,26.933333333333337
2022-12-25 00:00:00+01:00,30.518181818181816
2022-12-26 00:00:00+01:00,32.486482939632545
2022-12-27 00:00:00+01:00,32.147095535285644
2022-12-28 00:00:00+01:00,30.93154694032687
2022-12-29 00:00:00+01:00,30.75896064195644
2022-12-30 00:00:00+01:00,29.678617623282133
2022-12-31 00:00:00+01:00,29.301562500000003
2023-01-01 00:00:00+01:00,29.545140470766892
2023-01-02 00:00:00+01:00,29.971163319439178
2023-01-03 00:00:00+01:00,29.505802707930368
2023-01-04 00:00:00+01:00,30.093711741791875
2023-01-05 00:00:00+01:00,31.714533205004813
2023-01-06 00:00:00+01:00,30.18614735226401
2023-01-07 00:00:00+01:00,31.23240119313945
2023-01-08 00:00:00+01:00,31.851127244936947
2023-01-09 00:00:00+01:00,31.292101226993868
2023-01-10 00:00:00+01:00,30.738345574023967
2023-01-11 00:00:00+01:00,30.988067150635207
2023-01-12 00:00:00+01:00,30.04085483249904
2023-01-13 00:00:00+01:00,30.383661645422944
2023-01-14 00:00:00+01:00,30.459321387723982
2023-01-15 00:00:00+01:00,30.628217054263565
2023-01-16 00:00:00+01:00,30.60227091633466
2023-01-17 00:00:00+01:00,30.746625048770973
2023-01-18 00:00:00+01:00,31.16302146618064
2023-01-19 00:00:00+01:00,31.52411836238346
2023-01-20 00:00:00+01:00,36.294934143870314
2023-01-21 00:00:00+01:00,34.418973666441595
2023-01-22 00:00:00+01:00,33.88521031207598
2023-01-23 00:00:00+01:00,32.733270034181544
2023-01-24 00:00:00+01:00,32.77912003087611
2023-01-25 00:00:00+01:00,33.461415525114155
2023-01-26 00:00:00+01:00,32.88334606569901
2023-01-27 00:00:00+01:00,33.40923645320197
2023-01-28 00:00:00+01:00,31.795970332566785
2023-01-29 00:00:00+01:00,31.795970332566785
2023-01-30 00:00:00+01:00,37.1403073286052
2023-01-31 00:00:00+01:00,32.41069418386492
2023-02-01 00:00:00+01:00,32.95868772782503
2023-02-02 00:00:00+01:00,33.24772899318698
2023-02-03 00:00:00+01:00,33.870186581976974
2023-02-04 00:00:00+01:00,33.72168224299065
2023-02-05 00:00:00+01:00,35.656
2023-02-06 00:00:00+01:00,36.07220646625071
2023-02-07 00:00:00+01:00,33.270357283078134
2023-02-08 00:00:00+01:00,36.1082183908046
2023-02-09 00:00:00+01:00,34.27378446115288
2023-02-10 00:00:00+01:00,33.312363636363635
2023-02-11 00:00:00+01:00,33.857218827766715
2023-02-12 00:00:00+01:00,33.857218827766715
2023-02-13 00:00:00+01:00,36.514769975786926
2023-02-14 00:00:00+01:00,32.588069758224336
2023-02-15 00:00:00+01:00,31.881745396317054
2023-02-16 00:00:00+01:00,31.266349731293925
2023-02-17 00:00:00+01:00,30.806739811912227
2023-02-18 00:00:00+01:00,31.574266617155587
2023-02-19 00:00:00+01:00,32.26113815050543
2023-02-20 00:00:00+01:00,28.591074681238617
2023-02-21 00:00:00+01:00,36.85472238122495
2023-02-22 00:00:00+01:00,33.942992424242426
2023-02-23 00:00:00+01:00,31.803912363067294
2023-02-24 00:00:00+01:00,39.16403596403596
2023-02-25 00:00:00+01:00,33.857218827766715
2023-02-26 00:00:00+01:00,33.857218827766715
2023-02-27 00:00:00+01:00,38.975
2023-02-28 00:00:00+01:00,33.857218827766715
2023-03-01 00:00:00+01:00,33.31064682775588
2023-03-02 00:00:00+01:00,33.31064682775588
2023-03-03 00:00:00+01:00,33.31064682775588
2023-03-04 00:00:00+01:00,33.31064682775588
2023-03-05 00:00:00+01:00,33.31064682775588
2023-03-06 00:00:00+01:00,33.31064682775588
2023-03-07 00:00:00+01:00,33.31064682775588
2023-03-08 00:00:00+01:00,35.55812917594655
2023-03-09 00:00:00+01:00,31.676891385767792
2023-03-10 00:00:00+01:00,35.0289277736411
2023-03-11 00:00:00+01:00,32.84640595903166
2023-03-12 00:00:00+01:00,34.11061452513967
2023-03-13 00:00:00+01:00,33.840029651593774
2023-03-14 00:00:00+01:00,34.6399180022363
2023-03-15 00:00:00+01:00,35.559902200489
2023-03-16 00:00:00+01:00,36.40458233890215
2023-03-17 00:00:00+01:00,36.4573748308525
2023-03-18 00:00:00+01:00,33.714703493095044
2023-03-19 00:00:00+01:00,34.95562091503268
2023-03-20 00:00:00+01:00,34.98666940114848
2023-03-21 00:00:00+01:00,29.91171171171171
2023-03-22 00:00:00+01:00,31.676369863013697
2023-03-23 00:00:00+01:00,28.605541871921183
2023-03-24 00:00:00+01:00,27.97152255639098
2023-03-25 00:00:00+01:00,33.31064682775588
2023-03-26 00:00:00+01:00,33.31064682775588
2023-03-27 00:00:00+01:00,33.31064682775588
2023-03-28 00:00:00+01:00,33.31064682775588
2023-03-29 00:00:00+01:00,33.31064682775588
2023-03-30 00:00:00+01:00,30.714201183431953
2023-03-31 00:00:00+01:00,34.24317288801572
2023-04-01 00:00:00+01:00,34.47075098814229
2023-04-02 00:00:00+01:00,34.64282888229476
2023-04-03 00:00:00+01:00,36.040600393700785
2023-04-04 00:00:00+01:00,35.132571732199786
2023-04-05 00:00:00+01:00,36.05283950617284
2023-04-06 00:00:00+01:00,36.24431137724551
2023-04-07 00:00:00+01:00,33.924869262056944
2023-04-08 00:00:00+01:00,32.613806903451724
2023-04-09 00:00:00+01:00,32.122644301924026
2023-04-10 00:00:00+01:00,33.86200396825397
2023-04-11 00:00:00+01:00,32.842416708105425
2023-04-12 00:00:00+01:00,33.939800000000005
2023-04-13 00:00:00+01:00,33.9390243902439
2023-04-14 00:00:00+01:00,41.0913769123783
2023-04-15 00:00:00+01:00,33.75659385660275
2023-04-16 00:00:00+01:00,33.75659385660275
2023-04-17 00:00:00+01:00,33.75659385660275
2023-04-18 00:00:00+01:00,33.75659385660275
2023-04-19 00:00:00+01:00,35.41044176706828
2023-04-20 00:00:00+01:00,35.10669077757685
2023-04-21 00:00:00+01:00,33.562559618441966
2023-04-22 00:00:00+01:00,34.15376845376846
2023-04-23 00:00:00+01:00,33.175883739198746
2023-04-24 00:00:00+01:00,29.640218878248973
2023-04-25 00:00:00+01:00,35.03575581395349
2023-04-26 00:00:00+01:00,31.680443234836705
2023-04-27 00:00:00+01:00,30.951784298176047
2023-04-28 00:00:00+01:00,31.906147220046986
2023-04-29 00:00:00+01:00,28.41948919449902
2023-04-30 00:00:00+01:00,31.708411949685534
2023-05-01 00:00:00+01:00,31.461806098514465
2023-05-02 00:00:00+01:00,32.777485265225934
2023-05-03 00:00:00+01:00,31.869377231257435
2023-05-04 00:00:00+01:00,30.82131877022654
2023-05-05 00:00:00+01:00,29.210600564288594
2023-05-06 00:00:00+01:00,31.420100308641974
2023-05-07 00:00:00+01:00,32.118427139552814
2023-05-08 00:00:00+01:00,31.74937172774869
2023-05-09 00:00:00+01:00,33.991015625
2023-05-10 00:00:00+01:00,32.91298441869756
2023-05-11 00:00:00+01:00,32.53653573118788
2023-05-12 00:00:00+01:00,30.001446808510636
2023-05-13 00:00:00+01:00,38.511210762331835
2023-05-14 00:00:00+01:00,31.05
2023-05-15 00:00:00+01:00,34.58790849673203
2023-05-16 00:00:00+01:00,33.47518590998043
2023-05-17 00:00:00+01:00,32.60428015564202
2023-05-18 00:00:00+01:00,31.098163265306123
2023-05-19 00:00:00+01:00,32.469510807736064
2023-05-20 00:00:00+01:00,32.76100676183321
2023-05-21 00:00:00+01:00,33.37837623762376
2023-05-22 00:00:00+01:00,31.524282389449187
2023-05-23 00:00:00+01:00,29.06578034682081
2023-05-24 00:00:00+01:00,27.880946791862282
2023-05-25 00:00:00+01:00,30.310272134917593
2023-05-26 00:00:00+01:00,31.735093167701866
2023-05-27 00:00:00+01:00,28.302605363984675
2023-05-28 00:00:00+01:00,31.867069943289223
2023-05-29 00:00:00+01:00,29.34213957055215
2023-05-30 00:00:00+01:00,32.22458396369138
2023-05-31 00:00:00+01:00,32.63328108672936
2023-06-01 00:00:00+01:00,32.21439192777483
2023-06-02 00:00:00+01:00,32.50718701700155
2023-06-03 00:00:00+01:00,30.18650914634146
2023-06-04 00:00:00+01:00,31.448374613003097
2023-06-05 00:00:00+01:00,30.506556112610877
2023-06-06 00:00:00+01:00,27.814017571884985
2023-06-07 00:00:00+01:00,26.719962192816638
2023-06-08 00:00:00+01:00,27.24899354348652
2023-06-09 00:00:00+01:00,29.912222222222226
2023-06-10 00:00:00+01:00,28.37807486631016
2023-06-11 00:00:00+01:00,27.11852986217458
2023-06-12 00:00:00+01:00,29.890638464551508
2023-06-13 00:00:00+01:00,28.062671232876713
2023-06-14 00:00:00+01:00,29.7369365520188
2023-06-15 00:00:00+01:00,29.61252715423606
2023-06-16 00:00:00+01:00,30.675809800664453
2023-06-17 00:00:00+01:00,31.12843443819054
2023-06-18 00:00:00+01:00,29.299042769857433
2023-06-19 00:00:00+01:00,29.50636148721255
2023-06-20 00:00:00+01:00,29.023973362930075
2023-06-21 00:00:00+01:00,28.225083240843507
2023-06-22 00:00:00+01:00,28.109242105263156
2023-06-23 00:00:00+01:00,25.92111710963455
2023-06-24 00:00:00+01:00,26.002544529262085
2023-06-25 00:00:00+01:00,27.050419032170858
2023-06-26 00:00:00+01:00,29.39719298245614
2023-06-27 00:00:00+01:00,29.113831325301202
2023-06-28 00:00:00+01:00,28.3400877433507
2023-06-29 00:00:00+01:00,29.291979301423027
2023-06-30 00:00:00+01:00,30.18427525622255
2023-07-01 00:00:00+01:00,28.738650306748465
2023-07-02 00:00:00+01:00,28.219684210526317
2023-07-03 00:00:00+01:00,30.0967717140661
2023-07-04 00:00:00+01:00,27.96760299625468
2023-07-05 00:00:00+01:00,30.6212775528565
2023-07-06 00:00:00+01:00,30.960733745005445
2023-07-07 00:00:00+01:00,31.12543720190779
2023-07-08 00:00:00+01:00,29.649186316838257
2023-07-09 00:00:00+01:00,30.349890770071
2023-07-10 00:00:00+01:00,30.124582104228125
2023-07-11 00:00:00+01:00,30.669572708476913
2023-07-12 00:00:00+01:00,30.602448579823704
2023-07-13 00:00:00+01:00,31.55355566454144
2023-07-14 00:00:00+01:00,31.818936035465484
2023-07-15 00:00:00+01:00,30.25616641901932
2023-07-16 00:00:00+01:00,26.415475313190864
2023-07-17 00:00:00+01:00,32.43858965272856
2023-07-18 00:00:00+01:00,30.337284610814024
2023-07-19 00:00:00+01:00,30.000076219512195
2023-07-20 00:00:00+01:00,31.606861958266453
2023-07-21 00:00:00+01:00,30.404439930354034
2023-07-22 00:00:00+01:00,28.921698930944814
2023-07-23 00:00:00+01:00,28.064989059080965
2023-07-24 00:00:00+01:00,27.57463866921189
2023-07-25 00:00:00+01:00,29.239139139139137
2023-07-26 00:00:00+01:00,29.537298782881823
2023-07-27 00:00:00+01:00,28.728073610023493
2023-07-28 00:00:00+01:00,28.284651162790695
2023-07-29 00:00:00+01:00,28.624822415153908
2023-07-30 00:00:00+01:00,29.930658356057656
2023-07-31 00:00:00+01:00,29.065311871227365
2023-08-01 00:00:00+01:00,28.444756136436084
2023-08-02 00:00:00+01:00,28.198099625683845
2023-08-03 00:00:00+01:00,27.191591344837033
2023-08-04 00:00:00+01:00,28.17744842304956
2023-08-05 00:00:00+01:00,28.297966198796907
2023-08-06 00:00:00+01:00,26.806470325747437
2023-08-07 00:00:00+01:00,27.519210742669227
2023-08-08 00:00:00+01:00,27.78375697458152
2023-08-09 00:00:00+01:00,27.84932942162615
2023-08-10 00:00:00+01:00,27.494619257394586
2023-08-11 00:00:00+01:00,27.08236403646652
2023-08-12 00:00:00+01:00,25.89620253164557
2023-08-13 00:00:00+01:00,25.32872238232469
2023-08-14 00:00:00+01:00,28.021535442727497
2023-08-15 00:00:00+01:00,29.24536635706914
2023-08-16 00:00:00+01:00,28.42920582706767
2023-08-17 00:00:00+01:00,30.599999999999998
2023-08-18 00:00:00+01:00,29.78264671589584
2023-08-19 00:00:00+01:00,28.53390894819466
2023-08-20 00:00:00+01:00,26.11282595512432
2023-08-21 00:00:00+01:00,29.233908427339085
2023-08-22 00:00:00+01:00,31.335438809596116
2023-08-23 00:00:00+01:00,28.764682850430695
2023-08-24 00:00:00+01:00,27.97497949138638
2023-08-25 00:00:00+01:00,30.623587223587222
2023-08-26 00:00:00+01:00,28.33317073170732
2023-08-27 00:00:00+01:00,25.970801033591734
2023-08-28 00:00:00+01:00,28.698812715434702
2023-08-29 00:00:00+01:00,30.676856076316877
2023-08-30 00:00:00+01:00,29.19662589624631
2023-08-31 00:00:00+01:00,31.221966911764707
2023-09-01 00:00:00+01:00,27.85239085239085
2023-09-02 00:00:00+01:00,27.47452504317789
2023-09-03 00:00:00+01:00,30.08374655647383
2023-09-04 00:00:00+01:00,27.090715268225587
2023-09-05 00:00:00+01:00,31.141145833333333
2023-09-06 00:00:00+01:00,30.03053007135576
2023-09-07 00:00:00+01:00,31.553236957888117
2023-09-08 00:00:00+01:00,29.733189344852413
2023-09-09 00:00:00+01:00,23.3
2023-09-10 00:00:00+01:00,29.319093628911325
2023-09-11 00:00:00+01:00,28.507590132827325
2023-09-12 00:00:00+01:00,30.40230769230769
2023-09-13 00:00:00+01:00,29.321428571428573
2023-09-14 00:00:00+01:00,29.319093628911325
2023-09-15 00:00:00+01:00,29.16392785571142
2023-09-16 00:00:00+01:00,29.139598462195643
2023-09-17 00:00:00+01:00,27.331000429368828
2023-09-18 00:00:00+01:00,26.506541353383458
2023-09-19 00:00:00+01:00,29.14642487046632
2023-09-20 00:00:00+01:00,30.383522727272727
2023-09-21 00:00:00+01:00,30.840700425934692
2023-09-22 00:00:00+01:00,30.346420215255034
2023-09-23 00:00:00+01:00,28.271950500883914
2023-09-24 00:00:00+01:00,30.054054054054053
2023-09-25 00:00:00+01:00,31.89305631492619
2023-09-26 00:00:00+01:00,35.076388888888886
2023-09-27 00:00:00+01:00,30.651573849878936
2023-09-28 00:00:00+01:00,27.546817042606516
2023-09-29 00:00:00+01:00,28.108581974776992
2023-09-30 00:00:00+01:00,29.983256319652078
2023-10-01 00:00:00+01:00,28.4142750929368
2023-10-02 00:00:00+01:00,28.361563255439158
2023-10-03 00:00:00+01:00,28.240340909090907
2023-10-04 00:00:00+01:00,29.068158953722335
2023-10-05 00:00:00+01:00,29.345470282746682
2023-10-06 00:00:00+01:00,27.06704297159505
2023-10-07 00:00:00+01:00,27.56420220082531
2023-10-08 00:00:00+01:00,29.168778280542984
2023-10-09 00:00:00+01:00,29.823502626970228
2023-10-10 00:00:00+01:00,29.107385952208546
2023-10-11 00:00:00+01:00,28.976059075009715
2023-10-12 00:00:00+01:00,28.170890545311888
2023-10-13 00:00:00+01:00,28.359364548494987
2023-10-14 00:00:00+01:00,28.36237326323695
2023-10-15 00:00:00+01:00,30.240493435943865
2023-10-16 00:00:00+01:00,27.80054945054945
2023-10-17 00:00:00+01:00,27.957514846962084
2023-10-18 00:00:00+01:00,29.886384364820845
2023-10-19 00:00:00+01:00,28.843803159173756
2023-10-20 00:00:00+01:00,28.082419354838706
2023-10-21 00:00:00+01:00,29.491146881287726
2023-10-22 00:00:00+01:00,30.436545454545453
2023-10-23 00:00:00+01:00,30.35614552605703
2023-10-24 00:00:00+01:00,30.44285714285714
2023-10-25 00:00:00+01:00,30.218632371392722
2023-10-26 00:00:00+01:00,33.228761371588526
2023-10-27 00:00:00+01:00,28.43552068473609
2023-10-28 00:00:00+01:00,30.665153301886793
2023-10-29 00:00:00+01:00,32.215246212121215
2023-10-30 00:00:00+01:00,26.996408839779008
2023-10-31 00:00:00+01:00,29.1775663452224
2023-11-01 00:00:00+01:00,30.13776370867547
2023-11-02 00:00:00+01:00,30.13776370867547
2023-11-03 00:00:00+01:00,30.13776370867547
2023-11-04 00:00:00+01:00,30.13776370867547
2023-11-05 00:00:00+01:00,30.13776370867547
2023-11-06 00:00:00+01:00,30.13776370867547
2023-11-07 00:00:00+01:00,30.13776370867547
2023-11-08 00:00:00+01:00,30.13776370867547
2023-11-09 00:00:00+01:00,30.13776370867547
2023-11-10 00:00:00+01:00,34.101166359729895
2023-11-11 00:00:00+01:00,28.857973621103117
2023-11-12 00:00:00+01:00,31.066846603688713
2023-11-13 00:00:00+01:00,28.262567421790724
2023-11-14 00:00:00+01:00,30.13776370867547
2023-11-15 00:00:00+01:00,30.13776370867547
2023-11-16 00:00:00+01:00,30.13776370867547
2023-11-17 00:00:00+01:00,30.13776370867547
2023-11-18 00:00:00+01:00,30.13776370867547
2023-11-19 00:00:00+01:00,30.13776370867547
2023-11-20 00:00:00+01:00,30.13776370867547
2023-11-21 00:00:00+01:00,29.555555555555557
2023-11-22 00:00:00+01:00,29.973444347063975
2023-11-23 00:00:00+01:00,30.775124792013308
2023-11-24 00:00:00+01:00,30.221570736955353
2023-11-25 00:00:00+01:00,29.191106870229007
2023-11-26 00:00:00+01:00,28.64173655648742
2023-11-27 00:00:00+01:00,29.700599647266312
2023-11-28 00:00:00+01:00,30.276294591484465
2023-11-29 00:00:00+01:00,30.40843288826423
2023-11-30 00:00:00+01:00,30.89627192982456
2023-12-01 00:00:00+01:00,31.002886192194165
2023-12-02 00:00:00+01:00,31.131060335594434
2023-12-03 00:00:00+01:00,30.510116977552958
2023-12-04 00:00:00+01:00,30.56704725658103
2023-12-05 00:00:00+01:00,31.067812388113136
2023-12-06 00:00:00+01:00,30.66927842565598
2023-12-07 00:00:00+01:00,30.89577510562236
2023-12-08 00:00:00+01:00,31.09022852639874
2023-12-09 00:00:00+01:00,32.08017572762218
2023-12-10 00:00:00+01:00,31.69559585492228
2023-12-11 00:00:00+01:00,30.599767225325888
2023-12-12 00:00:00+01:00,29.260981726979576
2023-12-13 00:00:00+01:00,29.85900752587018
2023-12-14 00:00:00+01:00,28.927554358283626
2023-12-15 00:00:00+01:00,28.58120771736407
2023-12-16 00:00:00+01:00,30.033975008443097
2023-12-17 00:00:00+01:00,30.48823725424858
2023-12-18 00:00:00+01:00,30.953385240352066
2023-12-19 00:00:00+01:00,30.336971205119088
2023-12-20 00:00:00+01:00,30.310897435897434
2023-12-21 00:00:00+01:00,30.190422245108138
2023-12-22 00:00:00+01:00,29.75279569892473
2023-12-23 00:00:00+01:00,29.908736349453978
2023-12-24 00:00:00+01:00,29.833890086206896
2023-12-25 00:00:00+01:00,29.67577540106952
2023-12-26 00:00:00+01:00,29.10183486238532
2023-12-27 00:00:00+01:00,29.283228840125393
2023-12-28 00:00:00+01:00,29.323839009287926
2023-12-29 00:00:00+01:00,29.647268907563028
2023-12-30 00:00:00+01:00,29.597374429223745
2023-12-31 00:00:00+01:00,29.23317435082141
2024-01-01 00:00:00+01:00,29.443560606060604
2024-01-02 00:00:00+01:00,29.93454446854664
2024-01-03 00:00:00+01:00,30.072549019607845
2024-01-04 00:00:00+01:00,29.803327965646805
2024-01-05 00:00:00+01:00,30.037319034852548
2024-01-06 00:00:00+01:00,28.643067389620448
2024-01-07 00:00:00+01:00,30.778761467889908
2024-01-08 00:00:00+01:00,29.59062629614268
2024-01-09 00:00:00+01:00,30.585804816223067
2024-01-10 00:00:00+01:00,30.36861736334405
2024-01-11 00:00:00+01:00,30.962050898203596
2024-01-12 00:00:00+01:00,30.049850647195484
2024-01-13 00:00:00+01:00,29.06421830118999
2024-01-14 00:00:00+01:00,29.833934252386
2024-01-15 00:00:00+01:00,29.55028348688873
2024-01-16 00:00:00+01:00,28.46961441743504
2024-01-17 00:00:00+01:00,29.295183645183645
2024-01-18 00:00:00+01:00,28.779648549243973
2024-01-19 00:00:00+01:00,29.827606310013717
2024-01-20 00:00:00+01:00,30.447058823529414
2024-01-21 00:00:00+01:00,29.792220484753713
2024-01-22 00:00:00+01:00,30.97984441301273
2024-01-23 00:00:00+01:00,29.498313090418353
2024-01-24 00:00:00+01:00,29.356671961874508
2024-01-25 00:00:00+01:00,30.673860967590418
2024-01-26 00:00:00+01:00,28.567077378018727
2024-01-27 00:00:00+01:00,29.191531404375443
2024-01-28 00:00:00+01:00,28.882434860736748
2024-01-29 00:00:00+01:00,31.600489476260403
2024-01-30 00:00:00+01:00,31.908719119784095
2024-01-31 00:00:00+01:00,29.95664177415705
2024-02-01 00:00:00+01:00,30.404517704517705
2024-02-02 00:00:00+01:00,30.063958868894602
2024-02-03 00:00:00+01:00,30.1516776075857
2024-02-04 00:00:00+01:00,29.25051837888784
2024-02-05 00:00:00+01:00,29.837433751743376
2024-02-06 00:00:00+01:00,28.644034258712345
2024-02-07 00:00:00+01:00,31.326097930338214
2024-02-08 00:00:00+01:00,29.317527087316762
2024-02-09 00:00:00+01:00,32.88617918842909
2024-02-10 00:00:00+01:00,32.18272779700115
2024-02-11 00:00:00+01:00,34.07008113590264
2024-02-12 00:00:00+01:00,32.71551724137931
2024-02-13 00:00:00+01:00,36.795428742157156
2024-02-14 00:00:00+01:00,34.84811518324607
2024-02-15 00:00:00+01:00,34.601227912548666
2024-02-16 00:00:00+01:00,33.011696869851725
2024-02-17 00:00:00+01:00,31.46135544340303
2024-02-18 00:00:00+01:00,35.0307572815534
2024-02-19 00:00:00+01:00,35.23422205989774
2024-02-20 00:00:00+01:00,33.60423728813559
2024-02-21 00:00:00+01:00,33.20875912408759
2024-02-22 00:00:00+01:00,33.29504320145521
2024-02-23 00:00:00+01:00,32.38102104442712
2024-02-24 00:00:00+01:00,32.352558139534885
2024-02-25 00:00:00+01:00,34.084107382550336
2024-02-26 00:00:00+01:00,33.57893333333333
2024-02-27 00:00:00+01:00,35.40458196965189
2024-02-28 00:00:00+01:00,34.88295102293862
2024-02-29 00:00:00+01:00,35.43826915442636
2024-03-01 00:00:00+01:00,32.233552631578945
2024-03-02 00:00:00+01:00,32.90248829364889
2024-03-03 00:00:00+01:00,32.90248829364889
2024-03-04 00:00:00+01:00,32.90248829364889
2024-03-05 00:00:00+01:00,32.90248829364889
2024-03-06 00:00:00+01:00,32.90248829364889
2024-03-07 00:00:00+01:00,32.90248829364889
2024-03-08 00:00:00+01:00,32.90248829364889
2024-03-09 00:00:00+01:00,32.90248829364889
2024-03-10 00:00:00+01:00,32.90248829364889
2024-03-11 00:00:00+01:00,32.90248829364889
2024-03-12 00:00:00+01:00,32.90248829364889
2024-03-13 00:00:00+01:00,32.90248829364889
2024-03-14 00:00:00+01:00,32.90248829364889
2024-03-15 00:00:00+01:00,32.90248829364889
2024-03-16 00:00:00+01:00,32.90248829364889
2024-03-17 00:00:00+01:00,32.90248829364889
2024-03-18 00:00:00+01:00,32.90248829364889
2024-03-19 00:00:00+01:00,32.90248829364889
2024-03-20 00:00:00+01:00,32.90248829364889
2024-03-21 00:00:00+01:00,32.90248829364889
2024-03-22 00:00:00+01:00,32.90248829364889
2024-03-23 00:00:00+01:00,32.90248829364889
2024-03-24 00:00:00+01:00,32.90248829364889
2024-03-25 00:00:00+01:00,32.90248829364889
2024-03-26 00:00:00+01:00,32.90248829364889
2024-03-27 00:00:00+01:00,32.90248829364889
2024-03-28 00:00:00+01:00,32.90248829364889
2024-03-29 00:00:00+01:00,32.90248829364889
2024-03-30 00:00:00+01:00,32.90248829364889
2024-03-31 00:00:00+01:00,32.90248829364889
2024-04-01 00:00:00+01:00,33.34843532249573
2024-04-02 00:00:00+01:00,33.34843532249573
2024-04-03 00:00:00+01:00,33.34843532249573
2024-04-04 00:00:00+01:00,33.34843532249573
2024-04-05 00:00:00+01:00,33.34843532249573
2024-04-06 00:00:00+01:00,33.34843532249573
2024-04-07 00:00:00+01:00,33.34843532249573
2024-04-08 00:00:00+01:00,33.34843532249573
2024-04-09 00:00:00+01:00,33.34843532249573
2024-04-10 00:00:00+01:00,33.34843532249573
2024-04-11 00:00:00+01:00,33.34843532249573
2024-04-12 00:00:00+01:00,33.34843532249573
2024-04-13 00:00:00+01:00,33.34843532249573
2024-04-14 00:00:00+01:00,33.34843532249573
2024-04-15 00:00:00+01:00,33.34843532249573
2024-04-16 00:00:00+01:00,33.34843532249573
2024-04-17 00:00:00+01:00,33.34843532249573
2024-04-18 00:00:00+01:00,33.34843532249573
2024-04-19 00:00:00+01:00,33.34843532249573
2024-04-20 00:00:00+01:00,33.34843532249573
2024-04-21 00:00:00+01:00,33.34843532249573
2024-04-22 00:00:00+01:00,33.34843532249573
2024-04-23 00:00:00+01:00,33.34843532249573
2024-04-24 00:00:00+01:00,33.34843532249573
2024-04-25 00:00:00+01:00,33.34843532249573
2024-04-26 00:00:00+01:00,33.34843532249573
2024-04-27 00:00:00+01:00,33.34843532249573
2024-04-28 00:00:00+01:00,33.34843532249573
2024-04-29 00:00:00+01:00,33.34843532249573
2024-04-30 00:00:00+01:00,33.34843532249573
2024-05-01 00:00:00+01:00,31.388362977023203
2024-05-02 00:00:00+01:00,31.388362977023203
2024-05-03 00:00:00+01:00,31.388362977023203
2024-05-04 00:00:00+01:00,31.388362977023203
2024-05-05 00:00:00+01:00,31.388362977023203
2024-05-06 00:00:00+01:00,31.388362977023203
2024-05-07 00:00:00+01:00,31.388362977023203
2024-05-08 00:00:00+01:00,31.388362977023203
2024-05-09 00:00:00+01:00,31.388362977023203
2024-05-10 00:00:00+01:00,31.388362977023203
2024-05-11 00:00:00+01:00,31.388362977023203
2024-05-12 00:00:00+01:00,31.388362977023203
2024-05-13 00:00:00+01:00,31.388362977023203
2024-05-14 00:00:00+01:00,31.388362977023203
2024-05-15 00:00:00+01:00,31.388362977023203
2024-05-16 00:00:00+01:00,31.388362977023203
2024-05-17 00:00:00+01:00,31.388362977023203
2024-05-18 00:00:00+01:00,31.388362977023203
2024-05-19 00:00:00+01:00,31.388362977023203
2024-05-20 00:00:00+01:00,31.388362977023203
2024-05-21 00:00:00+01:00,31.388362977023203
2024-05-22 00:00:00+01:00,31.388362977023203
2024-05-23 00:00:00+01:00,31.388362977023203
2024-05-24 00:00:00+01:00,31.388362977023203
2024-05-25 00:00:00+01:00,31.388362977023203
2024-05-26 00:00:00+01:00,31.388362977023203
2024-05-27 00:00:00+01:00,31.388362977023203
2024-05-28 00:00:00+01:00,31.388362977023203
2024-05-29 00:00:00+01:00,31.388362977023203
2024-05-30 00:00:00+01:00,31.388362977023203
2024-05-31 00:00:00+01:00,31.388362977023203
2024-06-01 00:00:00+01:00,28.679407698029426
2024-06-02 00:00:00+01:00,28.679407698029426
2024-06-03 00:00:00+01:00,28.679407698029426
2024-06-04 00:00:00+01:00,28.679407698029426
2024-06-05 00:00:00+01:00,28.679407698029426
2024-06-06 00:00:00+01:00,28.679407698029426
2024-06-07 00:00:00+01:00,28.679407698029426
2024-06-08 00:00:00+01:00,28.679407698029426
2024-06-09 00:00:00+01:00,28.679407698029426
2024-06-10 00:00:00+01:00,28.679407698029426
2024-06-11 00:00:00+01:00,28.679407698029426
2024-06-12 00:00:00+01:00,28.679407698029426
2024-06-13 00:00:00+01:00,28.679407698029426
2024-06-14 00:00:00+01:00,28.679407698029426
2024-06-15 00:00:00+01:00,28.679407698029426
2024-06-16 00:00:00+01:00,28.679407698029426
2024-06-17 00:00:00+01:00,28.679407698029426
2024-06-18 00:00:00+01:00,28.679407698029426
2024-06-19 00:00:00+01:00,28.679407698029426
2024-06-20 00:00:00+01:00,28.679407698029426
2024-06-21 00:00:00+01:00,28.679407698029426
2024-06-22 00:00:00+01:00,28.679407698029426
2024-06-23 00:00:00+01:00,28.679407698029426
2024-06-24 00:00:00+01:00,28.679407698029426
2024-06-25 00:00:00+01:00,28.679407698029426
2024-06-26 00:00:00+01:00,28.679407698029426
2024-06-27 00:00:00+01:00,28.679407698029426
2024-06-28 00:00:00+01:00,28.679407698029426
2024-06-29 00:00:00+01:00,28.679407698029426
2024-06-30 00:00:00+01:00,28.679407698029426
2024-07-01 00:00:00+01:00,29.33147069193194
2024-07-02 00:00:00+01:00,29.33147069193194
2024-07-03 00:00:00+01:00,29.33147069193194
2024-07-04 00:00:00+01:00,29.33147069193194
2024-07-05 00:00:00+01:00,29.33147069193194
2024-07-06 00:00:00+01:00,29.33147069193194
2024-07-07 00:00:00+01:00,29.33147069193194
2024-07-08 00:00:00+01:00,29.33147069193194
2024-07-09 00:00:00+01:00,29.33147069193194
2024-07-10 00:00:00+01:00,29.33147069193194
2024-07-11 00:00:00+01:00,29.33147069193194
2024-07-12 00:00:00+01:00,29.33147069193194
2024-07-13 00:00:00+01:00,29.33147069193194
2024-07-14 00:00:00+01:00,29.33147069193194
2024-07-15 00:00:00+01:00,29.33147069193194
2024-07-16 00:00:00+01:00,29.33147069193194
2024-07-17 00:00:00+01:00,29.33147069193194
2024-07-18 00:00:00+01:00,29.33147069193194
2024-07-19 00:00:00+01:00,29.33147069193194
2024-07-20 00:00:00+01:00,29.33147069193194
2024-07-21 00:00:00+01:00,29.33147069193194
2024-07-22 00:00:00+01:00,29.33147069193194
2024-07-23 00:00:00+01:00,29.33147069193194
2024-07-24 00:00:00+01:00,29.33147069193194
2024-07-25 00:00:00+01:00,29.33147069193194
2024-07-26 00:00:00+01:00,29.33147069193194
2024-07-27 00:00:00+01:00,29.33147069193194
2024-07-28 00:00:00+01:00,29.33147069193194
2024-07-29 00:00:00+01:00,29.33147069193194
2024-07-30 00:00:00+01:00,29.33147069193194
2024-07-31 00:00:00+01:00,29.33147069193194
2024-08-01 00:00:00+01:00,27.941094911529756
2024-08-02 00:00:00+01:00,27.941094911529756
2024-08-03 00:00:00+01:00,27.941094911529756
2024-08-04 00:00:00+01:00,27.941094911529756
2024-08-05 00:00:00+01:00,27.941094911529756
2024-08-06 00:00:00+01:00,27.941094911529756
2024-08-07 00:00:00+01:00,27.941094911529756
2024-08-08 00:00:00+01:00,27.941094911529756
2024-08-09 00:00:00+01:00,27.941094911529756
2024-08-10 00:00:00+01:00,27.941094911529756
2024-08-11 00:00:00+01:00,27.941094911529756
2024-08-12 00:00:00+01:00,27.941094911529756
2024-08-13 00:00:00+01:00,27.941094911529756
2024-08-14 00:00:00+01:00,27.941094911529756
2024-08-15 00:00:00+01:00,27.941094911529756
2024-08-16 00:00:00+01:00,27.941094911529756
2024-08-17 00:00:00+01:00,27.941094911529756
2024-08-18 00:00:00+01:00,27.941094911529756
2024-08-19 00:00:00+01:00,27.941094911529756
2024-08-20 00:00:00+01:00,27.941094911529756
2024-08-21 00:00:00+01:00,27.941094911529756
2024-08-22 00:00:00+01:00,27.941094911529756
2024-08-23 00:00:00+01:00,27.941094911529756
2024-08-24 00:00:00+01:00,27.941094911529756
2024-08-25 00:00:00+01:00,27.941094911529756
2024-08-26 00:00:00+01:00,27.941094911529756
2024-08-27 00:00:00+01:00,27.941094911529756
2024-08-28 00:00:00+01:00,27.941094911529756
2024-08-29 00:00:00+01:00,27.941094911529756
2024-08-30 00:00:00+01:00,27.941094911529756
2024-08-31 00:00:00+01:00,27.941094911529756
2024-09-01 00:00:00+01:00,27.55
2024-09-02 00:00:00+01:00,28.662860980523842
2024-09-03 00:00:00+01:00,29.174560061208876
2024-09-04 00:00:00+01:00,29.377690100430417
2024-09-05 00:00:00+01:00,28.93351588170865
2024-09-06 00:00:00+01:00,23.701428571428572
2024-09-07 00:00:00+01:00,22.910738255033557
2024-09-08 00:00:00+01:00,24.0
2024-09-09 00:00:00+01:00,32.58226059654631
2024-09-10 00:00:00+01:00,27.37123670956911
2024-09-11 00:00:00+01:00,28.184451219512194
2024-09-12 00:00:00+01:00,30.110896708286038
2024-09-13 00:00:00+01:00,30.802450646698436
2024-09-14 00:00:00+01:00,25.949565217391307
2024-09-15 00:00:00+01:00,34.1
2024-09-16 00:00:00+01:00,28.910935094804323
2024-09-17 00:00:00+01:00,32.53834995466909
2024-09-18 00:00:00+01:00,29.11029252437703
2024-09-19 00:00:00+01:00,27.23969849246231
2024-09-20 00:00:00+01:00,26.4
2024-09-21 00:00:00+01:00,28.910935094804323
2024-09-22 00:00:00+01:00,22.8
2024-09-23 00:00:00+01:00,26.286508875739642
2024-09-24 00:00:00+01:00,28.675967957276367
2024-09-25 00:00:00+01:00,31.336894273127754
2024-09-26 00:00:00+01:00,29.569124423963135
2024-09-27 00:00:00+01:00,27.793303064699206
2024-09-28 00:00:00+01:00,28.94708097928437
2024-09-29 00:00:00+01:00,26.19264214046823
2024-09-30 00:00:00+01:00,33.81273344651952
2024-10-01 00:00:00+01:00,29.165888240200168
2024-10-02 00:00:00+01:00,29.078027170702892
2024-10-03 00:00:00+01:00,25.13103448275862
2024-10-04 00:00:00+01:00,28.769407811115396
2024-10-05 00:00:00+01:00,28.769407811115396
2024-10-06 00:00:00+01:00,28.769407811115396
2024-10-07 00:00:00+01:00,30.523857404021935
2024-10-08 00:00:00+01:00,25.77190082644628
2024-10-09 00:00:00+01:00,30.16356720202874
2024-10-10 00:00:00+01:00,26.262283737024223
2024-10-11 00:00:00+01:00,28.769407811115396
2024-10-12 00:00:00+01:00,28.769407811115396
2024-10-13 00:00:00+01:00,28.769407811115396
2024-10-14 00:00:00+01:00,29.641094527363183
2024-10-15 00:00:00+01:00,25.68748850045998
2024-10-16 00:00:00+01:00,28.912924281984335
2024-10-17 00:00:00+01:00,30.615191986644408
2024-10-18 00:00:00+01:00,28.774198250728862
2024-10-19 00:00:00+01:00,29.365928338762213
2024-10-20 00:00:00+01:00,25.431558935361217
2024-10-21 00:00:00+01:00,32.60981684981685
2024-10-22 00:00:00+01:00,30.42706359945873
2024-10-23 00:00:00+01:00,28.801134122287966
2024-10-24 00:00:00+01:00,31.229401993355484
2024-10-25 00:00:00+01:00,30.73918547055586
2024-10-26 00:00:00+01:00,31.78418201516793
2024-10-27 00:00:00+01:00,32.62100478468899
2024-10-28 00:00:00+01:00,31.35858951175407
2024-10-29 00:00:00+01:00,33.417734939759036
2024-10-30 00:00:00+01:00,33.010644910644906
2024-10-31 00:00:00+01:00,32.52373763664758
2024-11-01 00:00:00+01:00,30.758170478170477
2024-11-02 00:00:00+01:00,30.42025127131319
2024-11-03 00:00:00+01:00,30.856662804171492
2024-11-04 00:00:00+01:00,31.5616122343183
2024-11-05 00:00:00+01:00,31.53352314929438
2024-11-06 00:00:00+01:00,31.295495271279243
2024-11-07 00:00:00+01:00,31.18377596634236
2024-11-08 00:00:00+01:00,30.19173640167364
2024-11-09 00:00:00+01:00,31.060583941605838
2024-11-10 00:00:00+01:00,30.585523385300665
2024-11-11 00:00:00+01:00,32.435117056856186
2024-11-12 00:00:00+01:00,32.3147315153219
2024-11-13 00:00:00+01:00,32.90775793121834
2024-11-14 00:00:00+01:00,32.656998420221164
2024-11-15 00:00:00+01:00,32.10576973511671
2024-11-16 00:00:00+01:00,31.218211920529804
2024-11-17 00:00:00+01:00,30.89532710280374
2024-11-18 00:00:00+01:00,31.206190346332153
2024-11-19 00:00:00+01:00,31.609711012757092
2024-11-20 00:00:00+01:00,31.703341288782816
2024-11-21 00:00:00+01:00,31.5456119544592
2024-11-22 00:00:00+01:00,29.14015879648976
2024-11-23 00:00:00+01:00,30.826305084745766
2024-11-24 00:00:00+01:00,31.246484085862324
2024-11-25 00:00:00+01:00,31.372517058377557
2024-11-26 00:00:00+01:00,30.85303404045387
2024-11-27 00:00:00+01:00,30.648516496558273
2024-11-28 00:00:00+01:00,29.6415270464337
2024-11-29 00:00:00+01:00,29.69159010600707
2024-11-30 00:00:00+01:00,30.80118932038835
2024-12-01 00:00:00+01:00,30.919656078337713
2024-12-02 00:00:00+01:00,32.51632708503124
2024-12-03 00:00:00+01:00,31.270166294365847
2024-12-04 00:00:00+01:00,30.26606014657569
2024-12-05 00:00:00+01:00,30.673356973995272
2024-12-06 00:00:00+01:00,30.203689776733253
2024-12-07 00:00:00+01:00,30.47837704106878
2024-12-08 00:00:00+01:00,29.94876739077374
2024-12-09 00:00:00+01:00,31.084864720064292
2024-12-10 00:00:00+01:00,30.903333333333332
2024-12-11 00:00:00+01:00,32.29926344218021
2024-12-12 00:00:00+01:00,31.89039755351682
2024-12-13 00:00:00+01:00,31.207642276422764
2024-12-14 00:00:00+01:00,30.89885611077664
2024-12-15 00:00:00+01:00,30.09202324352879
2024-12-16 00:00:00+01:00,32.328912386706946
2024-12-17 00:00:00+01:00,30.844840980820585
2024-12-18 00:00:00+01:00,30.701103911687063
2024-12-19 00:00:00+01:00,29.154945054945056
2024-12-20 00:00:00+01:00,28.900196850393698
2024-12-21 00:00:00+01:00,29.482912957467853
2024-12-22 00:00:00+01:00,29.818541107587215
2024-12-23 00:00:00+01:00,30.411466794075487
2024-12-24 00:00:00+01:00,30.815911757803335
2024-12-25 00:00:00+01:00,31.4029105537151
2024-12-26 00:00:00+01:00,31.416287878787877
2024-12-27 00:00:00+01:00,31.563641304347826
2024-12-28 00:00:00+01:00,30.788924677898912
2024-12-29 00:00:00+01:00,30.669980266403552
2024-12-30 00:00:00+01:00,30.602482148928935
2024-12-31 00:00:00+01:00,32.27296709273865
2025-01-01 00:00:00+01:00,31.213279132791328
2025-01-02 00:00:00+01:00,29.289710884353738
2025-01-03 00:00:00+01:00,30.173466574776015
2025-01-04 00:00:00+01:00,26.42156862745098
2025-01-05 00:00:00+01:00,32.06997455470738
2025-01-06 00:00:00+01:00,31.60550945901095
2025-01-07 00:00:00+01:00,31.19064801178203
2025-01-08 00:00:00+01:00,31.451585407432663
2025-01-09 00:00:00+01:00,30.937279198523598
2025-01-10 00:00:00+01:00,29.88590582079791
2025-01-11 00:00:00+01:00,30.237646099483555
2025-01-12 00:00:00+01:00,29.426212640862325
2025-01-13 00:00:00+01:00,30.176021017434916
2025-01-14 00:00:00+01:00,29.8514515132798
2025-01-15 00:00:00+01:00,30.669966312516195
2025-01-16 00:00:00+01:00,31.326223366892997
2025-01-17 00:00:00+01:00,32.294757350336525
2025-01-18 00:00:00+01:00,31.751175505740843
2025-01-19 00:00:00+01:00,31.23838517538054
2025-01-20 00:00:00+01:00,31.474843792447704
2025-01-21 00:00:00+01:00,32.20060844667144
2025-01-22 00:00:00+01:00,32.71327092511013
2025-01-23 00:00:00+01:00,32.94351941747573
2025-01-24 00:00:00+01:00,32.05263157894737
2025-01-25 00:00:00+01:00,32.55888767720829
2025-01-26 00:00:00+01:00,31.357167615746473
2025-01-27 00:00:00+01:00,31.543846153846154
2025-01-28 00:00:00+01:00,32.03452338450553
2025-01-29 00:00:00+01:00,32.07532360231341
2025-01-30 00:00:00+01:00,30.90253038948152
2025-01-31 00:00:00+01:00,32.18479591836735
2025-02-01 00:00:00+01:00,31.868696620868917
2025-02-02 00:00:00+01:00,31.80077134986226
2025-02-03 00:00:00+01:00,32.6216814159292
2025-02-04 00:00:00+01:00,33.269019751280176
2025-02-05 00:00:00+01:00,33.09423148492743
2025-02-06 00:00:00+01:00,33.957094846900674
2025-02-07 00:00:00+01:00,33.047266244057056
2025-02-08 00:00:00+01:00,34.32730003755164
2025-02-09 00:00:00+01:00,34.28683026584867
2025-02-10 00:00:00+01:00,30.762962962962963
2025-02-11 00:00:00+01:00,33.68055555555556
2025-02-12 00:00:00+01:00,33.23888888888889
2025-02-13 00:00:00+01:00,31.758333333333336
2025-02-14 00:00:00+01:00,37.9
2025-02-15 00:00:00+01:00,34.39375
2025-02-16 00:00:00+01:00,33.86
2025-02-17 00:00:00+01:00,28.955319148936173
2025-02-18 00:00:00+01:00,27.793939393939397
2025-02-19 00:00:00+01:00,28.916666666666668
2025-02-20 00:00:00+01:00,28.966666666666665
2025-02-21 00:00:00+01:00,30.0
2025-02-22 00:00:00+01:00,30.125
